"Star_key"|"Star"|"DISTANCE"|"EFFECTIVE TEMPERATURE"|"Mass"|"star radius"|"luminosity"|"STAR TYPE"
8679|"Solarflarex"|69,3649|2712|0,3|0,16|0,04|"M-6-V"
2930|"Muspelheim"|798,467|4074|0,7|0,83|0,18|"K-3-V"
8136|"Aludra"|182,69|3054|0,4|0,01|0,06|"M-3-V"
4300|"Starlight Haven"|642|2505|0,3|0,23|0,05|"M-5-V"
8000|"Horus' Gaze"|25,9|4398|0,5|0,94|0,25|"K-4-V"
1772|"Sulafat"|7200|2572|0,3|0,46|0,06|"M-3-V"
316|"Thunderhoof"|561,29|3974|0,7|0,91|0,4|"K-7-V"
7905|"Pulsar Seraph"|122,76|3949|0,7|0,9|0,34|"K-2-V"
2172|"Mazaalai"|1119,7|2881|0,3|0,66|0,03|"M-3-V"
3523|"Yed Prior"|691,04|3465|0,1|0,35|0,06|"M-1-V"
900|"Ain"|1191,47|3901|0,6|0,9|0,24|"K-5-V"
4104|"Lesath"|743,716|2535|0,4|0,29|0,06|"M-4-V"
8931|"Pollux"|837,17|2997|0,4|0,42|0,07|"M-3-V"
7495|"Orion's Echo"|1140|5241|0,9|1,1|0,92|"G-2-V"
2402|"Shinju"|139,6|2831|0,4|0,15|0,08|"M-2-V"
235|"Aladfar"|809,64|4752|0,5|0,72|0,28|"K-0-V"
394|"Alkaid"|595,331|5639|0,8|1|1,4|"G-2-V"
885|"Yugen"|132,8|4380|0,6|0,85|0,13|"K-1-V"
9034|"Hayabusa Nexus"|75,1|2472|0,3|0,39|0,01|"M-8-V"
8964|"Tuiren"|361,857|2844|0,4|0,31|0,07|"M-1-V"
7739|"Hikari Gaze"|1861,5|2500|0,4|0,11|0,03|"M-8-V"
3607|"Etherios"|16,93|5435|0,9|1,07|1,09|"G-2-V"
9754|"Ketsueki Whispers"|623,74|2977|0,3|0,3|0,03|"M-0-V"
1601|"Alya"|654,9|2514|0,4|0,37|0,06|"M-8-V"
2917|"Lunarianth"|41,7|4545|0,5|0,78|0,27|"K-3-V"
7995|"Luminous Ember"|440,5|3882|0,5|0,71|0,39|"K-5-V"
9450|"Abyssal Mirage"|393,561|4146|0,5|0,88|0,4|"K-3-V"
79|"Nebulionara"|8,16|2559|0,4|0,2|0,04|"M-5-V"
6478|"Aurum Obscura"|48|2736|0,4|0,2|0,03|"M-2-V"
6334|"Beid"|1382,99|4215|0,6|0,96|0,5|"K-2-V"
8285|"Atik"|249,56|4189|0,6|0,76|0,12|"K-3-V"
2077|"Bubup"|354,824|2990|0,3|0,06|0,03|"M-4-V"
3366|"Celaeno"|78,24|5473|0,8|1,06|1,06|"G-4-V"
2873|"Cassioth"|61,98|2473|0,4|0,37|0,02|"M-7-V"
4025|"Bonsai Celestial"|755,687|3191|0,4|0,46|0,06|"M-1-V"
5518|"Nova Cascade"|500,395|2811|0,2|0,11|0,02|"M-5-V"
5065|"Icewind"|885,913|4234|0,7|0,72|0,38|"K-4-V"
638|"Hikari Nebula"|122,4|2989|0,2|0,46|0,04|"M-2-V"
5277|"Brachium"|269,79|3814|0,5|0,86|0,43|"K-0-V"
755|"Cassionix"|133|4992|0,6|0,94|0,49|"K-0-V"
6821|"Astral Whisper"|85,64|4316|0,6|0,75|0,26|"K-4-V"
3152|"Achernar"|763,85|2557|0,4|0,51|0,02|"M-5-V"
3683|"Photara"|287,117|3764|0,7|0,88|0,49|"K-6-V"
3202|"Helvetios"|420|5737|1|1,06|0,78|"G-2-V"
6243|"Elysian Nebula"|223,229|2597|0,4|0,05|0,04|"M-0-V"
2927|"Sekai Ember"|1387,37|2924|0,4|0,35|0,03|"M-3-V"
2126|"Ronin's Enigma"|768,58|2422|0,4|0,28|0,07|"M-1-V"
3876|"Yurei Celestial"|516,1|4617|0,7|0,85|0,55|"K-3-V"
633|"Orionyx"|143|4351|0,5|0,91|0,15|"K-4-V"
1120|"Palladium Shroud"|400,8|2750|0,2|0,35|0,01|"M-5-V"
1969|"Albireo"|1096,85|2838|0,3|0,53|0,06|"M-3-V"
7871|"Comet Veil"|683,854|4717|0,7|0,72|0,57|"K-2-V"
6042|"Hikari"|18,27|2575|0,2|0,67|0,04|"M-1-V"
19|"Alpheratz"|99,5561|3200|0,3|0,63|0,07|"M-2-V"
957|"Atria"|1518,83|2453|0,4|0,46|0,02|"M-5-V"
7107|"Siriusith"|603,464|2441|0,3|0,41|0,06|"M-5-V"
3566|"Muscida"|855,82|4732|0,5|0,75|0,5|"K-2-V"
9718|"Asterion Abyss"|320,588|5280|0,8|1,05|1,29|"G-3-V"
3621|"Zenithrax"|619,74|2706|0,4|0,33|0,06|"M-6-V"
1155|"Wasat"|277,9|2593|0,4|0,38|0,06|"M-2-V"
7391|"Cerulean Abyss"|1243,78|2807|0,3|0,36|0,01|"M-2-V"
9996|"Dubhe"|1431,64|5353|0,9|1,05|1,01|"G-5-V"
6727|"Irena"|987,849|2414|0,3|0,43|0,05|"M-7-V"
1916|"Cocibolca"|227|5486|1|1,12|0,99|"G-4-V"
8864|"Solaris Cascade"|20,2727|3760|0,5|0,75|0,57|"K-2-V"
2596|"Galaxaraith"|62,69|2478|0,3|0,52|0,02|"M-3-V"
7143|"Mouhoun"|1526,02|2579|0,1|0,08|0,06|"M-5-V"
8007|"Sylvari"|7090|3207|0,1|0,47|0,02|"M-1-V"
5914|"Tojil"|497,537|3704|0,8|0,88|0,1|"K-3-V"
4917|"Gumala"|122,36|2608|0,1|0,17|0,02|"M-3-V"
5808|"Stellaria Crypt"|33,05|2903|0,3|0,07|0,01|"M-3-V"
2882|"Kawa"|6,24442|2702|0,4|0,26|0,01|"M-5-V"
4568|"Rasalgethi"|1198,75|2809|0,3|0,57|0,06|"M-2-V"
7541|"Ma'at's Cascade"|54,08|2715|0,4|0,56|0,03|"M-1-V"
4362|"Elysiumix"|18,1|2491|0,3|0,69|0,08|"M-8-V"
4133|"Phact"|64,6692|3776|0,5|0,74|0,38|"K-2-V"
4592|"Ruchbah"|49,4156|4848|0,5|0,91|0,3|"K-0-V"
6376|"Inquill"|443,371|2414|0,2|0,68|0,02|"M-2-V"
1339|"Lunaris"|1062,81|2425|0,3|0,05|0|"M-8-V"
9603|"Infinite Whispers"|40,12|2403|0,1|0,1|0,04|"M-2-V"
5762|"Cosmoth"|1336,21|3163|0,3|0,27|0,07|"M-3-V"
3931|"Lunacara"|684,6|3964|0,5|0,95|0,16|"K-3-V"
525|"Pipirima"|501,229|3771|0,5|0,73|0,09|"K-7-V"
888|"Vega"|200|4224|0,5|0,87|0,47|"K-5-V"
5546|"Deneb Algedi"|442,813|3786|0,5|0,89|0,38|"K-7-V"
8509|"Astroth"|859,771|2984|0,4|0,15|0,05|"M-2-V"
5689|"Nushagak"|430|2457|0,2|0,54|0,01|"M-3-V"
4078|"Kaze Celestial"|8240|2814|0,4|0,25|0,01|"M-2-V"
7589|"Copernicus"|39,8979|2714|0,3|0,56|0,02|"M-3-V"
1673|"Celestrium"|41,4|3025|0,2|0,29|0,06|"M-2-V"
6658|"Whalecaller"|688,658|5125|0,7|0,78|0,16|"K-0-V"
4580|"Penumbrion"|705,667|2793|0,3|0,42|0,03|"M-2-V"
805|"Aetherionyx"|568,666|2621|0,1|0,68|0,01|"M-3-V"
226|"Tania Borealis"|560,445|3409|0,4|0,33|0,08|"M-1-V"
9211|"Abyssal Echoes"|47,1|2776|0,2|0,29|0,08|"M-2-V"
2675|"Ignifera"|23,9258|3042|0,3|0,16|0,02|"M-0-V"
3050|"Phantasmal Echo"|124,6|4057|0,6|0,86|0,12|"K-6-V"
5070|"Stoneshaper"|58,84|2802|0,4|0,31|0,05|"M-4-V"
8586|"Tianguan"|22,42|5409|0,9|1,15|0,82|"G-2-V"
798|"Meleph"|788,955|3246|0,4|0,6|0,03|"M-2-V"
4015|"Alula Australis"|396|4447|0,8|0,81|0,27|"K-4-V"
130|"Stormcaller"|708,165|4720|0,8|0,82|0,56|"K-0-V"
8927|"Quasarionyx"|1361,65|4762|0,7|0,95|0,38|"K-2-V"
4723|"Anadolu"|241,991|2865|0,3|0,52|0,05|"M-4-V"
9742|"Galactic Ember"|46,6224|2775|0,4|0,37|0,02|"M-1-V"
4815|"Salm"|95|2419|0,3|0,17|0,03|"M-2-V"
6984|"Haruka Echoes"|647,501|3837|0,5|0,88|0,41|"K-6-V"
57|"Menkent"|272,73|4167|0,6|0,75|0,34|"K-2-V"
3066|"Eonara"|120,5|2814|0,1|0,47|0,05|"M-2-V"
4510|"Kamikaze Resonance"|935,191|2854|0,1|0,62|0|"M-1-V"
5362|"Astrobane"|1474,71|2987|0,2|0,04|0,08|"M-2-V"
1329|"Quasarlynx"|282,4|3092|0,3|0,33|0,02|"M-2-V"
3583|"Nebula Obscura"|393,949|3264|0,3|0,05|0,08|"M-3-V"
2508|"Nebula Radiance"|7380|2882|0,4|0,33|0,04|"M-2-V"
530|"Zavijava"|844,99|4326|0,5|0,9|0,23|"K-3-V"
8451|"Dziban"|189,56|2915|0,2|0,15|0,01|"M-3-V"
3914|"Solaris"|577,6|4330|0,7|0,77|0,37|"K-2-V"
6209|"Chaophraya"|107,214|4804|0,7|0,71|0,09|"K-2-V"
2418|"Pulsariax"|17,3|2549|0,2|0,13|0,02|"M-5-V"
7825|"Igniflux"|482,39|2442|0,2|0,29|0,05|"M-5-V"
7893|"Aquilan Cipher"|38,0473|2544|0,2|0,06|0,07|"M-5-V"
5516|"Intercrus"|556,266|3891|0,7|0,92|0,54|"K-7-V"
950|"Nihal"|452,755|3008|0,1|0,08|0,04|"M-0-V"
4181|"Lunar Mirage"|702,35|3089|0,3|0,57|0,04|"M-1-V"
8186|"Zibal"|28,6|2865|0,4|0,29|0,02|"M-2-V"
6389|"Yami Silence"|601,974|2820|0,2|0,37|0,04|"M-4-V"
1300|"Sāmaya"|254,621|2640|0,2|0,09|0,05|"M-2-V"
3821|"Astrophia"|1462,42|5378|1|0,97|0,93|"G-2-V"
7045|"Kitalpha"|637,024|2634|0,1|0,31|0,03|"M-5-V"
4217|"Peacock"|1110,74|3853|0,5|0,91|0,36|"K-5-V"
1664|"Eldritch Veil"|251,934|4116|0,7|0,74|0,08|"K-5-V"
5312|"Photonara"|336,952|2797|0,2|0,22|0,06|"M-6-V"
9317|"Starglow Spectra"|1011,63|2516|0,3|0,2|0,01|"M-8-V"
6843|"Kang"|1946,66|2403|0,1|0,53|0,02|"M-5-V"
3739|"Cosmaronix"|27,5024|2406|0,2|0,68|0,06|"M-5-V"
5626|"Ignitionix"|70,6424|5342|0,9|1|0,91|"G-4-V"
1565|"Lucilinburhuc"|5970|2774|0,1|0,01|0,05|"M-6-V"
4150|"La Superba"|808,4|2453|0,3|0,23|0,01|"M-5-V"
3316|"Kaze Horizon"|494,438|3081|0,4|0,38|0|"M-3-V"
1574|"Sterrennacht"|327,665|2804|0,2|0,15|0,04|"M-4-V"
6162|"Nefertiti's Nebula"|29|4312|0,6|0,77|0,4|"K-3-V"
6426|"Wolfheart"|348,815|5707|1|1,12|0,74|"G-2-V"
6730|"Pyramid Radiance"|926,269|2494|0,3|0,51|0,01|"M-8-V"
6471|"Shizuku Seraph"|1053,49|2828|0,4|0,69|0,01|"M-3-V"
9229|"Koeia"|1266,46|3953|0,7|0,71|0,15|"K-3-V"
2249|"Inari's Threshold"|1197,32|4226|0,8|0,89|0,34|"K-2-V"
8516|"Kiseki Expanse"|1275,35|2757|0,3|0,09|0|"M-5-V"
1073|"Nyxian Whispers"|3910|5525|1|1,02|1,3|"G-2-V"
120|"Asterion Enigma"|151,731|2527|0,4|0,15|0,04|"M-2-V"
5475|"Kūkan Cascade"|1870|3023|0,2|0,01|0,04|"M-2-V"
7974|"Scarab Expanse"|37,0788|2720|0,3|0,15|0,05|"M-5-V"
4528|"Bastet's Mirage"|7710|4168|0,6|0,77|0,35|"K-6-V"
4340|"Cosmara"|1857|5328|0,9|1,01|0,93|"G-5-V"
7512|"Nova Prism"|1042,07|4125|0,7|0,76|0,38|"K-0-V"
7359|"Menkar"|1020,3|2460|0,4|0,11|0,04|"M-1-V"
4781|"Zypheria"|716,62|2638|0,4|0,64|0|"M-6-V"
8684|"Syrma"|135,9|2458|0,1|0,19|0,02|"M-8-V"
4649|"Naos"|1258,02|3300|0,2|0,43|0,01|"M-2-V"
6744|"Polaris"|369,66|4340|0,7|0,91|0,25|"K-2-V"
6336|"Snowstrider"|445,058|3121|0,3|0,46|0,01|"M-4-V"
8946|"Darkonix"|618,735|3703|0,5|0,79|0,35|"K-2-V"
2561|"Nebula Nexus"|160,2|4472|0,5|0,73|0,22|"K-3-V"
4167|"Ronin's Cascade"|734,49|2691|0,2|0,61|0,07|"M-4-V"
8761|"Fuji Nebula"|37,84|4045|0,5|0,78|0,3|"K-2-V"
5767|"Diadem"|128,061|2437|0,3|0,32|0,02|"M-3-V"
3328|"Theemin"|37,609|4800|0,7|0,82|0,44|"K-2-V"
8546|"Moldoveanu"|632,551|4263|0,5|0,75|0,11|"K-3-V"
5615|"Nebulithra"|1468,43|3185|0,3|0,43|0,05|"M-3-V"
2712|"Obelisk Shadows"|39,7429|3804|0,7|0,87|0,34|"K-5-V"
8320|"Misam"|626,4|4247|0,8|0,9|0,13|"K-3-V"
9933|"Pipoltr"|239,289|2490|0,1|0,44|0,07|"M-5-V"
2037|"Alnair"|484,58|2866|0,2|0,52|0,01|"M-2-V"
7463|"Icarian Cipher"|7900|2618|0,3|0,4|0,07|"M-2-V"
3712|"Solstara"|8,034|3141|0,2|0,63|0,05|"M-2-V"
8103|"Seginus"|65,06|5537|0,8|0,98|0,68|"G-2-V"
2994|"Sumi Cascade"|44,957|5518|0,8|1,08|1|"G-2-V"
9217|"Eclipsara"|448|3229|0,4|0,18|0,02|"M-1-V"
2516|"Samurai's Ember"|921,489|2634|0,1|0,02|0,05|"M-5-V"
4829|"Riftwarder"|135,8|2750|0,4|0,23|0,03|"M-3-V"
8453|"Lyraflux"|279,57|3739|0,5|0,81|0,17|"K-3-V"
1095|"Zaurak"|44,3804|2590|0,2|0,66|0,04|"M-4-V"
6564|"Liesma"|1518|3288|0,3|0,19|0,01|"M-2-V"
2803|"Luminous Wraith"|313,996|2488|0,4|0,45|0,02|"M-3-V"
4734|"Aetherial Mirage"|72,4|4700|0,5|0,73|0,55|"K-2-V"
7055|"Cervantes"|1201,9|2808|0,4|0,12|0,02|"M-4-V"
7183|"Hunahpú"|91,722|4121|0,7|0,71|0,15|"K-2-V"
8215|"Quantraflux"|504,93|3791|0,5|0,81|0,51|"K-6-V"
520|"Ayeyarwady"|718,804|3712|0,5|0,7|0,17|"K-7-V"
2176|"Diya"|56,12|2485|0,3|0,43|0,07|"M-5-V"
8038|"Torii Shadows"|34,6011|3344|0,4|0,44|0,05|"M-0-V"
234|"Koi's Whisper"|38,11|3723|0,6|0,82|0,21|"K-2-V"
8358|"Novaflame"|1072,5|2426|0,3|0,4|0,03|"M-4-V"
9367|"Moriah"|1041,7|2907|0,2|0,14|0,02|"M-1-V"
9629|"Orion's Gaze"|3,6502|2908|0,2|0,17|0,01|"M-4-V"
8309|"Infinity Iris"|1133,02|2458|0,2|0,25|0,08|"M-3-V"
2625|"Yūgen Shadows"|631,114|3198|0,4|0,62|0,03|"M-1-V"
5480|"Alasia"|695,58|2437|0,2|0,67|0,01|"M-5-V"
9833|"Mizar"|1153,82|3056|0,4|0,41|0,06|"M-3-V"
2298|"Tsukiyo"|336|5349|0,8|1,08|1,04|"G-2-V"
8784|"Pleione"|313|2548|0,2|0,09|0,02|"M-6-V"
6068|"Quantum Quasar"|1834,86|2991|0,3|0,43|0,06|"M-2-V"
239|"Hoshizora Seraph"|128|2878|0,3|0,26|0,06|"M-3-V"
2386|"Kraz"|768,87|2725|0,3|0,1|0|"M-4-V"
5076|"Astrum Cryptic"|80,85|2561|0,1|0,49|0,02|"M-7-V"
4560|"Nefertiti's Beacon"|1052,2|3804|0,7|0,94|0,18|"K-6-V"
6237|"Tupã"|301,676|3231|0,2|0,12|0,04|"M-2-V"
4685|"Petra"|44|2896|0,3|0,37|0,04|"M-4-V"
9023|"Etherionara"|179,4|3017|0,4|0,42|0,04|"M-2-V"
3664|"Solaris Shroud"|779|2717|0,1|0,53|0,07|"M-4-V"
5722|"Hamal"|7250|3337|0,2|0,18|0,07|"M-2-V"
4064|"Rapeto"|673,673|2549|0,3|0,3|0,07|"M-2-V"
5609|"Infinite Iris"|995,223|2961|0,4|0,4|0,04|"M-2-V"
3690|"Nebulous Silence"|443|3528|0,4|0,56|0,04|"M-1-V"
8370|"Galactic Prism"|417|2725|0,3|0,28|0,01|"M-2-V"
5145|"Násti"|622|3171|0,3|0,5|0,07|"M-2-V"
3196|"Arneb"|539,57|4404|0,7|0,77|0,24|"K-2-V"
2964|"Berehynia"|64,4|2549|0,2|0,65|0|"M-3-V"
9647|"Propus"|887,81|2686|0,1|0,68|0,06|"M-3-V"
3770|"Kagayaki"|421,408|2489|0,1|0,07|0,07|"M-6-V"
5303|"Bastet's Horizon"|306,39|2472|0,4|0,09|0,01|"M-8-V"
945|"Caph"|1076,89|2875|0,3|0,44|0,04|"M-0-V"
7963|"Bunda"|75,2|5163|0,7|0,85|0,19|"K-0-V"
949|"Adhara"|1034,77|2450|0,2|0,5|0,03|"M-5-V"
8431|"Arkab Posterior"|1557,39|2886|0,2|0,14|0,03|"M-2-V"
4916|"Vesperian Crypt"|927|3101|0,4|0,61|0,02|"M-3-V"
1458|"Ashlesha"|55,68|3009|0,4|0,2|0,07|"M-2-V"
1252|"Cryptic Nebula"|5,38|3749|0,5|0,71|0,34|"K-5-V"
3896|"Galacticon"|6320|3936|0,7|0,86|0,21|"K-2-V"
5125|"Asterope"|1218,92|2766|0,3|0,57|0,01|"M-1-V"
4453|"Lilii Borea"|774,833|3862|0,6|0,87|0,42|"K-7-V"
726|"Hoggar"|249,303|2930|0,3|0,48|0,04|"M-4-V"
9385|"Diphda"|205,7|2480|0,3|0,19|0,06|"M-4-V"
3081|"Marsic"|1099,14|2501|0,1|0,25|0,07|"M-3-V"
8835|"Runeblade"|345,9|3422|0,2|0,67|0,01|"M-0-V"
1445|"Timir"|925,926|5008|0,7|0,92|0,42|"K-0-V"
5641|"Tupi"|699,447|5259|1|0,97|0,85|"G-2-V"
6152|"Hannya's Expanse"|17,62|3170|0,1|0,22|0,07|"M-3-V"
4201|"Nebulium"|990,44|4047|0,6|0,73|0,49|"K-2-V"
6161|"Shogun's Loom"|6649|2689|0,4|0,42|0,05|"M-5-V"
8082|"Adhil"|1446,97|2964|0,1|0,64|0,06|"M-4-V"
9433|"Menkib"|723,97|3932|0,7|0,96|0,42|"K-7-V"
4980|"Alsciaukat"|676,32|3111|0,3|0,29|0,04|"M-4-V"
8735|"Darkonium"|678,94|4781|0,5|0,72|0,34|"K-1-V"
8120|"Spica"|900,82|4841|0,5|0,95|0,53|"K-2-V"
9356|"Nebulith"|1057,64|3143|0,1|0,12|0,02|"M-0-V"
427|"Cosmogon Enigma"|59,3|3064|0,2|0,01|0|"M-2-V"
6526|"Tenshi Echoes"|981|3376|0,1|0,61|0,08|"M-2-V"
3765|"Arcanara"|2152,57|5739|1|1,09|1,35|"G-2-V"
8574|"Fjellstone"|1258,81|5258|1|0,97|0,79|"G-5-V"
5007|"Vortexion"|484,3|3838|0,5|0,82|0,56|"K-7-V"
6264|"Matar"|6120|2602|0,1|0,23|0,01|"M-2-V"
4847|"Alkalurops"|28,25|3981|0,6|0,76|0,46|"K-3-V"
6136|"Porrima"|2070|4084|0,5|0,85|0,42|"K-2-V"
4921|"Mystic Expanse"|44,96|3304|0,3|0,69|0,02|"M-2-V"
7864|"Rasalas"|181,5|3881|0,7|0,83|0,24|"K-0-V"
190|"Yildun"|110,22|2433|0,4|0,23|0,06|"M-1-V"
6362|"Baten Kaitos"|968,429|2514|0,3|0,52|0,07|"M-6-V"
1844|"Hassaleh"|223,78|2961|0,1|0,34|0,07|"M-3-V"
4966|"Minchir"|11|2648|0,2|0,32|0,04|"M-3-V"
8113|"Bosona"|44,3|4166|0,5|0,78|0,58|"K-3-V"
4282|"Quasar Seraph"|48,249|2624|0,2|0,41|0,04|"M-2-V"
4547|"Lusitânia"|647,585|4607|0,5|0,91|0,16|"K-3-V"
5984|"Marfik"|313,7|2663|0,4|0,22|0,01|"M-2-V"
4929|"Alpherg"|59,5|5211|1|1,15|0,94|"G-4-V"
262|"Vermilion Expanse"|15,83|4067|0,5|0,73|0,6|"K-5-V"
584|"Chara"|179,2|4176|0,7|0,79|0,15|"K-6-V"
977|"Tarazed"|67,9|3926|0,6|0,74|0,16|"K-5-V"
6738|"Shinju Serenity"|819,739|2716|0,2|0,17|0,03|"M-6-V"
203|"Starglow Haven"|343,84|3717|0,6|0,9|0,54|"K-6-V"
5165|"Umbral Depths"|4400|2912|0,4|0,7|0,01|"M-1-V"
7008|"Lich"|420,239|3727|0,8|0,86|0,28|"K-7-V"
6258|"Zenitharian"|2760|2685|0,3|0,61|0,01|"M-3-V"
1290|"Nebulion"|191|2724|0,4|0,41|0,04|"M-3-V"
1265|"Enigmatic Abyss"|619,146|2786|0,4|0,34|0,03|"M-3-V"
906|"Kaus Borealis"|118|2791|0,2|0,36|0,01|"M-5-V"
1663|"Markab"|380,6|4218|0,5|0,78|0,08|"K-2-V"
5630|"Galaxara"|112,7|2703|0,4|0,04|0,05|"M-4-V"
9585|"Umbra Veil"|158,7|2407|0,2|0,01|0,02|"M-4-V"
2604|"Cryptic Shadows"|92|3359|0,4|0,38|0,02|"M-0-V"
8066|"Thoth's Nebula"|945,775|5249|1|1,09|1,44|"G-5-V"
8961|"Ankh Horizon"|36,1|2658|0,1|0,39|0,08|"M-1-V"
7330|"Anubis Serenity"|13,523|4503|0,7|0,92|0,13|"K-0-V"
6319|"Cosmosol"|3460|3096|0,4|0,2|0,06|"M-2-V"
2711|"Stardrax"|1038,21|2627|0,1|0,09|0,06|"M-1-V"
3751|"Geisha's Mirage"|1575,55|4657|0,6|0,92|0,18|"K-0-V"
2749|"Saiph"|5650|4359|0,8|0,86|0,38|"K-3-V"
2370|"Imai"|638,978|5352|0,8|1|0,75|"G-2-V"
4036|"Aquilan Anomaly"|41,0014|4489|0,5|0,83|0,34|"K-3-V"
7547|"Gloas"|849,82|3860|0,7|0,9|0,28|"K-3-V"
9311|"Enso"|970,026|3175|0,2|0,56|0,04|"M-2-V"
3752|"Quanticara"|658,501|3764|0,5|0,91|0,59|"K-3-V"
6367|"Brimstone"|1242,7|2480|0,2|0,46|0,03|"M-2-V"
6975|"Titanic Mirage"|38,6|2906|0,3|0,17|0,06|"M-4-V"
9915|"Ainalrami"|818,482|2544|0,3|0,6|0,07|"M-3-V"
5824|"Kōkei Labyrinth"|611,461|2478|0,4|0,19|0|"M-2-V"
336|"Kasumi Whisper"|418,58|4009|0,6|0,82|0,34|"K-2-V"
7361|"Crimson Void"|7600|3269|0,2|0,39|0,04|"M-2-V"
9757|"Titawin"|110,9|2931|0,4|0,65|0,06|"M-4-V"
2129|"Castor"|33,96|3831|0,5|0,93|0,12|"K-2-V"
523|"Fawaris"|56,518|3168|0,1|0,42|0,03|"M-3-V"
2733|"Alhena"|44,98|3221|0,1|0,34|0,02|"M-3-V"
1263|"Skyforged"|498,7|2928|0,2|0,45|0,02|"M-2-V"
6173|"Enif"|576,768|2825|0,4|0,5|0|"M-2-V"
1827|"Blizzardrider"|434,75|2577|0,3|0,38|0,07|"M-0-V"
4563|"Kaminari Enigma"|1874,41|5570|1|1,11|0,74|"G-2-V"
5618|"Alruba"|758,7|2750|0,1|0,03|0,08|"M-5-V"
3510|"Koit"|24,79|2710|0,1|0,31|0,04|"M-3-V"
4651|"Astroflux"|4530|2678|0,4|0,1|0,07|"M-6-V"
7518|"Cassioflux"|589,032|5306|1|1,13|1,15|"G-4-V"
7582|"Solarionara"|114,865|5237|0,9|1,07|0,67|"G-2-V"
2832|"Spectral Serenity"|553,128|2802|0,2|0,43|0,02|"M-2-V"
7532|"Cleopatra's Resonance"|1945,15|2747|0,3|0,18|0,07|"M-5-V"
1776|"Asellus Australis"|270|5355|0,9|1,08|1,38|"G-3-V"
1903|"Tamashī Labyrinth"|772,83|2436|0,4|0,56|0,01|"M-8-V"
5295|"Gudja"|218,376|3849|0,5|0,78|0,22|"K-2-V"
1575|"Heze"|769,882|2773|0,4|0,14|0,01|"M-2-V"
2273|"Spectral Veil"|600|4044|0,5|0,88|0,48|"K-5-V"
1379|"Cacophonic Murmurs"|35,9098|4432|0,7|0,8|0,29|"K-3-V"
4103|"Cosmic Elegance"|851,1|2432|0,3|0,21|0,07|"M-7-V"
4402|"Ancha"|735,186|2593|0,1|0,18|0,08|"M-2-V"
5350|"Minelauva"|854,42|4046|0,8|0,83|0,26|"K-6-V"
2432|"Etherion"|683,062|2942|0,4|0,45|0,07|"M-5-V"
2276|"Nebula Whisper"|81,1376|2438|0,4|0,6|0,05|"M-7-V"
1991|"Cosmaraud"|1091,11|2566|0,4|0,31|0|"M-2-V"
1347|"Sceptrum"|260,036|3068|0,3|0,42|0,01|"M-0-V"
2746|"Vortexarian"|836,13|4374|0,7|0,88|0,08|"K-2-V"
8662|"Aldebaran"|47,4|2448|0,2|0,54|0,02|"M-6-V"
6061|"Ignitionara"|320,07|4181|0,6|0,91|0,57|"K-5-V"
2412|"Sadalsuud"|284,58|2613|0,4|0,01|0,06|"M-2-V"
4791|"Quantum Gaze"|345,543|5505|0,9|1,12|0,89|"G-5-V"
3810|"Muphrid"|6,21|3087|0,2|0,06|0,02|"M-4-V"
671|"Alfirk"|221,186|3841|0,7|0,9|0,46|"K-2-V"
9763|"Lunarisol"|344,045|2503|0,3|0,67|0,01|"M-3-V"
1085|"Xihe"|627,86|2426|0,2|0,14|0,03|"M-3-V"
2834|"Atakoraka"|55,0135|3962|0,6|0,81|0,19|"K-7-V"
2743|"Kamuy"|534,37|5439|1|1,03|0,95|"G-5-V"
3292|"Nocturnal Silence"|1104,52|5543|0,8|1,02|0,77|"G-5-V"
1926|"Fumalsamakah"|6760|2904|0,4|0,08|0,08|"M-5-V"
9764|"Frostbeard"|769,468|5542|0,9|1,07|0,76|"G-2-V"
6207|"Eternal Murmurs"|320,7|4661|0,6|0,72|0,3|"K-3-V"
5446|"Anubis' Echo"|68,81|5347|1|1,08|1,44|"G-5-V"
6112|"Homam"|865,512|2934|0,2|0,12|0,07|"M-4-V"
8583|"Nekkar"|853,275|2530|0,2|0,35|0,06|"M-6-V"
273|"Nebulonix"|1002,1|3761|0,5|0,78|0,48|"K-6-V"
6172|"Prima Hyadum"|1667|3766|0,8|0,9|0,49|"K-5-V"
3341|"Felixvarela"|67,64|2822|0,3|0,18|0,03|"M-1-V"
5536|"Ra's Whisper"|79,75|3229|0,4|0,3|0,05|"M-2-V"
1388|"Penumbralix"|381|4230|0,6|0,85|0,33|"K-2-V"
2724|"Alula Borealis"|1059,76|5612|0,9|1,14|0,82|"G-4-V"
9613|"Fjordr"|714,082|3308|0,3|0,23|0,02|"M-2-V"
8073|"Astraflux"|323,698|2476|0,1|0,13|0,06|"M-3-V"
8899|"Suhail"|76,32|2535|0,4|0,18|0,03|"M-2-V"
5807|"Alzirr"|1790,83|2503|0,3|0,43|0,08|"M-7-V"
6476|"Dofida"|51,84|2838|0,4|0,31|0,03|"M-4-V"
5023|"Tegmine"|999,5|3044|0,4|0,55|0,04|"M-4-V"
4479|"Bonsai Silence"|236|5681|0,8|1,07|0,68|"G-2-V"
6395|"Tevel"|1009|2420|0,2|0,65|0,03|"M-5-V"
2541|"Zenithrion"|1284,52|3789|0,7|0,92|0,14|"K-7-V"
207|"Rosaliadecastro"|227,9|4643|0,7|0,77|0,48|"K-3-V"
7565|"Obsidian Threshold"|423,513|2499|0,3|0,66|0,07|"M-8-V"
214|"Quasarionara"|691,82|2458|0,3|0,55|0|"M-5-V"
4028|"Galaxix"|926|2438|0,2|0,65|0,02|"M-6-V"
1035|"Galaxy Seraph"|211,43|2476|0,1|0,37|0,04|"M-8-V"
8153|"Yed Posterior"|33,9|2579|0,4|0,22|0,04|"M-2-V"
288|"Aegis Obscura"|38,9679|2417|0,2|0,4|0,01|"M-4-V"
3491|"Megrez"|27,19|2505|0,3|0,41|0,06|"M-3-V"
6673|"Ravenshadow"|969,462|2479|0,1|0,28|0,02|"M-2-V"
8891|"Zephyrion"|521,458|2479|0,1|0,31|0,07|"M-2-V"
718|"Inazuma Shadows"|29,69|5672|0,9|1,01|1,38|"G-3-V"
320|"Alrakis"|706,14|3261|0,3|0,13|0,07|"M-3-V"
5740|"Ma'at's Celestial"|137|2506|0,1|0,31|0,06|"M-8-V"
2867|"Umi Celestial"|130|2591|0,2|0,01|0,07|"M-1-V"
2356|"Drakonir"|28,8|3964|0,5|0,88|0,23|"K-5-V"
7043|"Fuyue"|255,735|2660|0,1|0,53|0,03|"M-3-V"
8973|"Sekhmet's Ember"|1439,2631|2936|0,3|0,66|0,06|"M-5-V"
6064|"Sadachbia"|1031,91|3138|0,4|0,29|0,01|"M-3-V"
4044|"Tarf"|211,1|2450|0,1|0,15|0,03|"M-3-V"
1653|"Galaxium"|532,42|3146|0,1|0,27|0|"M-1-V"
9577|"Astrylis"|657,023|3909|0,5|0,79|0,37|"K-7-V"
6178|"Flegetonte"|603,865|3346|0,3|0,43|0,03|"M-1-V"
4426|"Torii Celestial"|80,6|2403|0,2|0,57|0,02|"M-5-V"
8956|"Stellarastrum"|2481,4|5507|1|1,02|1,07|"G-4-V"
3123|"Algorab"|393,825|2818|0,3|0,48|0,03|"M-6-V"
5719|"Talitha"|166|3093|0,2|0,05|0,05|"M-2-V"
7910|"Amaterasu Mirage"|63,6796|2894|0,3|0,37|0|"M-4-V"
9361|"Uruk"|305,193|3079|0,3|0,26|0,02|"M-4-V"
304|"Uchū"|859,95|3708|0,5|0,81|0,44|"K-6-V"
446|"Sabik"|705,368|2746|0,2|0,56|0,01|"M-5-V"
5268|"Riftwanderer"|14,9|3834|0,7|0,78|0,35|"K-7-V"
5553|"Celestial Cascade"|17,6316|5512|0,9|1,11|0,85|"G-4-V"
473|"Procyon"|660,75|2456|0,1|0,12|0,08|"M-2-V"
3579|"Illyrian"|426,2|5100|0,5|0,91|0,32|"K-0-V"
6469|"Zenithariana"|28,9|3171|0,3|0,2|0,02|"M-2-V"
5806|"Hinotori Whispers"|25,4|4021|0,8|0,71|0,12|"K-5-V"
4212|"Novaflare"|1430|5421|0,8|1,13|0,74|"G-5-V"
3072|"Frostbloom"|6|4776|0,6|0,94|0,29|"K-2-V"
9163|"Celestara"|593,87|3352|0,4|0,04|0,03|"M-2-V"
9408|"Nocturnal Labyrinth"|11,1|3829|0,5|0,72|0,52|"K-2-V"
3528|"Axeheart"|122,1|2606|0,4|0,41|0,05|"M-5-V"
7397|"Gakyid"|1204,82|3705|0,5|0,84|0,28|"K-3-V"
1946|"Alkes"|766|2779|0,2|0,12|0,06|"M-5-V"
7254|"Cosmic Whispers"|3,587|3318|0,4|0,5|0,02|"M-0-V"
3992|"Amun-Ra Mirage"|328,007|2897|0,3|0,66|0,05|"M-1-V"
6770|"Markeb"|233,4|2420|0,3|0,64|0,07|"M-6-V"
1497|"Helionara"|610,01|3745|0,8|0,91|0,21|"K-2-V"
5278|"Ebon Labyrinth"|523,177|3821|0,6|0,9|0,32|"K-6-V"
1036|"Rōka"|1322,4|3935|0,8|0,71|0,23|"K-2-V"
9861|"Acrux"|1107,79|4644|0,5|0,71|0,57|"K-3-V"
9720|"Solarion"|120,6|4009|0,7|0,92|0,43|"K-7-V"
1205|"Cursa"|860,882|2800|0,4|0,44|0,07|"M-5-V"
3431|"Hotaru Ascendance"|81,4|2874|0,3|0,08|0,04|"M-2-V"
2887|"Solaraether"|202,51|5365|0,9|0,99|1,46|"G-4-V"
9580|"Samurai's Mirage"|713,11|2679|0,4|0,53|0,02|"M-6-V"
1420|"Ankh Seraph"|127,66|2667|0,2|0,5|0,05|"M-2-V"
5673|"Kōri"|253|2668|0,4|0,4|0,05|"M-2-V"
1133|"Barnard's Star"|543,74|2667|0,3|0,35|0,05|"M-6-V"
4486|"Arcanum Flux"|1022,01|2440|0,4|0,64|0,01|"M-7-V"
7195|"Acrab"|200,4|3003|0,1|0,4|0,03|"M-2-V"
4782|"Osiris Cascade"|327,93|2992|0,1|0,08|0,02|"M-4-V"
2312|"Tapecue"|723,1|2906|0,2|0,38|0,03|"M-5-V"
605|"Koi's Ascendance"|31,6|5424|0,8|0,99|0,75|"G-4-V"
2215|"Sualocin"|747|3415|0,1|0,32|0,01|"M-1-V"
9055|"Furud"|4540|2425|0,1|0,24|0,07|"M-5-V"
9923|"Starlight Whisper"|61,5|3023|0,3|0,02|0,07|"M-1-V"
431|"Grumium"|864,68|3038|0,2|0,65|0,02|"M-4-V"
9348|"Alrescha"|56|2547|0,2|0,43|0,01|"M-2-V"
9390|"Xamidimura"|1321,35|5457|0,9|0,96|1,1|"G-2-V"
7598|"Alnilam"|224|2827|0,4|0,68|0,02|"M-4-V"
45|"Cebalrai"|422,1|2478|0,2|0,7|0,07|"M-8-V"
5210|"Helixarian"|6710|2683|0,4|0,23|0,07|"M-1-V"
3401|"Eagleeye"|1057,53|2912|0,3|0,46|0,05|"M-1-V"
8872|"Celestial Ember"|190|4232|0,5|0,89|0,37|"K-2-V"
1885|"Mpingo"|4,55|2777|0,2|0,63|0,03|"M-6-V"
9462|"Dschubba"|794,61|2662|0,4|0,5|0,06|"M-7-V"
1668|"Deneb"|19,19|4609|0,7|0,92|0,48|"K-1-V"
4936|"Quantum Radiance"|872,59|2708|0,1|0,13|0,05|"M-5-V"
9303|"Tsuki's Nebula"|61,7957|5482|0,9|1,08|1,24|"G-5-V"
1629|"Keid"|489,368|2985|0,4|0,42|0,04|"M-1-V"
8020|"Pulsariana"|207,2|3653|0,2|0,14|0,07|"M-0-V"
4193|"Mago"|556|2471|0,3|0,53|0|"M-7-V"
1398|"Heliosys"|313,6|5583|0,9|0,98|1,1|"G-3-V"
9310|"Mira"|3600|2589|0,1|0,08|0,05|"M-4-V"
6348|"Kaveh"|183,8|4538|0,5|0,93|0,3|"K-3-V"
9398|"Zosma"|274,18|3986|0,5|0,76|0,37|"K-2-V"
822|"Zubenelgenubi"|15,1|2401|0,3|0,15|0,05|"M-2-V"
5957|"Obelisk Beacon"|64,97|2484|0,1|0,19|0,01|"M-2-V"
563|"Mebsuta"|1224,44|3075|0,3|0,62|0,04|"M-3-V"
538|"Ukiyo Reverie"|625,782|4016|0,6|0,88|0,16|"K-2-V"
8480|"Albali"|412,5|2797|0,1|0,16|0,07|"M-4-V"
5523|"Stellae Abyss"|6,33|2591|0,3|0,64|0,07|"M-5-V"
6692|"Atlas"|377|2512|0,3|0,49|0,02|"M-3-V"
5811|"Sakura's Silence"|706,391|4133|0,8|0,91|0,41|"K-6-V"
1590|"Algedi"|39,29|3038|0,2|0,18|0,03|"M-2-V"
926|"Geminga"|324,7|4019|0,6|0,82|0,3|"K-7-V"
808|"Ephemeral Abyss"|290,324|2765|0,3|0,37|0,05|"M-2-V"
3384|"Hannya's Silence"|119,3|2881|0,4|0,21|0,08|"M-4-V"
2216|"Bellatrix"|15|2413|0,4|0,17|0|"M-5-V"
968|"Lysian Nexus"|1215,36|4315|0,6|0,82|0,4|"K-0-V"
4192|"Toliman"|141|2402|0,4|0,1|0,01|"M-7-V"
1214|"Celestros"|138,4|3154|0,2|0,63|0,07|"M-3-V"
3613|"Tesserion"|338,19|5372|0,9|1|1,11|"G-2-V"
5635|"Dracozen"|7010|5539|0,8|1,08|1,27|"G-5-V"
9363|"Nebuloria"|605,63|3438|0,1|0,67|0,03|"M-1-V"
175|"Beemim"|499,176|2832|0,3|0,65|0,03|"M-3-V"
4142|"Sakuya Nebula"|515,491|3260|0,4|0,69|0,05|"M-1-V"
4842|"Ninja's Horizon"|181|3285|0,3|0,17|0,05|"M-2-V"
1689|"Ryusei"|967|2584|0,3|0,42|0,01|"M-6-V"
4771|"Solaraflux"|860|4837|0,6|0,9|0,28|"K-0-V"
2157|"Aetheronix"|377,04|2491|0,2|0,12|0,02|"M-5-V"
7924|"Hanami Echo"|399,01|2513|0,3|0,39|0,02|"M-8-V"
8247|"Bastet's Silence"|28,93|4256|0,8|0,81|0,37|"K-5-V"
8648|"Sorairo Mirage"|162,229|4774|0,7|0,88|0,24|"K-2-V"
6914|"Cosmosith"|887,064|3204|0,3|0,7|0,02|"M-3-V"
5068|"Spectronix"|32,4|2484|0,4|0,23|0,06|"M-8-V"
2436|"Nikawiy"|1164,14|3850|0,6|0,72|0,31|"K-6-V"
1643|"Titanium Quasar"|96,5|2570|0,2|0,24|0,06|"M-5-V"
7125|"Komorebi Cascade"|272,3|3592|0,1|0,56|0,01|"M-0-V"
2048|"Astrolithium"|78,15|2532|0,2|0,34|0,02|"M-4-V"
3078|"Veritate"|35,2|5516|1|1,11|1,28|"G-4-V"
7322|"Nebulous Enigma"|16,7|3918|0,6|0,88|0,57|"K-5-V"
8901|"Nemea Residue"|352,783|3380|0,2|0,16|0,05|"M-2-V"
3100|"Seishin"|359,31|3066|0,4|0,6|0,05|"M-3-V"
5754|"Kaze"|887,39|3086|0,3|0,39|0,06|"M-3-V"
8091|"Ra's Echo"|209,309|2668|0,4|0,14|0,04|"M-3-V"
1936|"Márohu"|2006,42|3138|0,1|0,41|0,02|"M-3-V"
846|"Hatysa"|1162,25|2519|0,2|0,42|0|"M-2-V"
6799|"Ombria"|480,307|2979|0,4|0,38|0,02|"M-3-V"
2105|"Tabit"|1151,94|2807|0,1|0,32|0,03|"M-5-V"
2790|"Ravenfury"|60,8|3062|0,2|0,66|0,06|"M-2-V"
7128|"Horus' Ascendance"|150,593|3201|0,3|0,01|0,02|"M-2-V"
2703|"Achird"|513,452|2528|0,4|0,2|0,08|"M-4-V"
2966|"Aozora Nebula"|503,6|2940|0,4|0,21|0,07|"M-0-V"
2857|"Sadr"|234,7|2671|0,2|0,13|0|"M-7-V"
4996|"Miaplacidus"|109,653|2683|0,4|0,63|0,07|"M-2-V"
1469|"Abyssal Echo"|954|2599|0,2|0,2|0,03|"M-2-V"
1526|"Altais"|810,636|3890|0,6|0,9|0,28|"K-2-V"
8885|"Lunarisys"|1550,15|2928|0,3|0,33|0,06|"M-2-V"
7175|"Frostfang"|116,34|3900|0,6|0,9|0,33|"K-6-V"
8704|"Thunderpeak"|19,89|4413|0,6|0,76|0,29|"K-2-V"
1069|"Ephemeral Labyrinth"|4600|2717|0,1|0,28|0,08|"M-1-V"
7109|"Kurhah"|68,06|2534|0,4|0,1|0,05|"M-7-V"
4947|"Heliconian Whispers"|34|2929|0,1|0,64|0,07|"M-5-V"
5022|"Stardrake"|517,01|2756|0,3|0,03|0,01|"M-1-V"
3696|"Chertan"|626,1|2455|0,2|0,39|0,07|"M-3-V"
2545|"Sheliak"|312,674|3237|0,3|0,22|0,03|"M-2-V"
11|"Ma'at's Silence"|84|2466|0,4|0,39|0,05|"M-8-V"
6253|"Sarin"|481|3411|0,3|0,32|0,05|"M-2-V"
8437|"Astrobix"|866,701|2605|0,3|0,33|0,04|"M-2-V"
3991|"Felis"|636,254|2421|0,1|0,04|0,04|"M-5-V"
1806|"Quantumith"|1097,33|3844|0,8|0,84|0,56|"K-2-V"
371|"Sylvarix"|145,701|5764|1|0,96|0,63|"G-2-V"
4120|"Ebon Depths"|460,617|2835|0,1|0,5|0,08|"M-1-V"
9394|"Alderamin"|337,11|4349|0,6|0,72|0,36|"K-2-V"
108|"Nebulonara"|88,02|2619|0,1|0,04|0,05|"M-6-V"
5650|"Vesperian Whimsy"|162,09|4277|0,7|0,73|0,38|"K-5-V"
4347|"Zhang"|645|2480|0,4|0|0,02|"M-5-V"
2774|"Yoru Ascendance"|368|2992|0,3|0,59|0,07|"M-2-V"
1911|"Polis"|705,48|3729|0,7|0,88|0,27|"K-2-V"
1803|"Ceibo"|841,893|2562|0,2|0,44|0|"M-3-V"
7196|"Quasar Nova"|649,815|4107|0,8|0,77|0,39|"K-3-V"
5860|"Intan"|386,757|5554|0,9|1,01|1,21|"G-4-V"
2094|"Thalassa's Shroud"|938,703|2527|0,4|0,34|0,08|"M-5-V"
3779|"Asahi Horizon"|654,085|3832|0,7|0,93|0,28|"K-0-V"
738|"Komorebi"|1380,83|2622|0,4|0,61|0,01|"M-6-V"
2513|"Elkurud"|9,34|3111|0,4|0,66|0,01|"M-0-V"
6624|"Miram"|741,84|2462|0,2|0,24|0,07|"M-3-V"
1654|"Aurum Quasar"|7070|2651|0,3|0,04|0,04|"M-6-V"
7894|"Phantasmal Abyss"|40|5040|0,5|0,78|0,4|"K-0-V"
4256|"Ebla"|1507,84|2894|0,1|0,16|0,03|"M-2-V"
9826|"Albaldah"|748,64|4270|0,6|0,78|0,26|"K-2-V"
9319|"Bharani"|313,46|2506|0,3|0,02|0,02|"M-8-V"
1516|"Vindemiatrix"|909,753|3759|0,7|0,88|0,22|"K-6-V"
5695|"Phecda"|821,828|2897|0,3|0,48|0,01|"M-5-V"
1093|"Skat"|1402,72|5525|0,9|0,99|1,02|"G-2-V"
1904|"Taika"|32,85|2808|0,3|0,45|0,03|"M-5-V"
2182|"Buna"|6400|3984|0,7|0,76|0,26|"K-3-V"
8283|"Macondo"|11,2183|2481|0,3|0,09|0,07|"M-0-V"
951|"Mirfak"|1054,74|2492|0,3|0,39|0,01|"M-5-V"
3731|"Malmok"|7140|2450|0,1|0,3|0,01|"M-2-V"
